Position, Company, Location, URL
Senior QA Automation Engineer (Frontend), Data Virtuality  a CData Software company, Anywhere in the World, https://weworkremotely.com//remote-jobs/data-virtuality-a-cdata-software-company-senior-qa-automation-engineer-frontend
Senior EU Frontend Engineer , SportyBet, Europe Only, https://weworkremotely.com//remote-jobs/sportybet-senior-eu-frontend-engineer
Senior or Staff Frontend Engineer - React (100% Remote), Close, USA Only, https://weworkremotely.com//remote-jobs/close-senior-or-staff-frontend-engineer-react-100-remote-5
Frontend Engineering Manager - Remote, EventMobi, Anywhere in the World, https://weworkremotely.com//remote-jobs/eventmobi-frontend-engineering-manager-remote
Frontend React.js Engineer, Banzai, Europe Only, https://weworkremotely.com//remote-jobs/banzai-frontend-react-js-engineer-1
Software Engineer Front end Fullstack, Vali Ventures, 🌏 Worldwide, https://remoteok.com/remote-jobs/remote-software-engineer-front-end-fullstack-vali-ventures-707858
Developer Relations Engineer JS, Fly.io, 🌎 North America, https://remoteok.com/remote-jobs/remote-developer-relations-engineer-js-fly-io-694503
Rails Frontend & Backend Wizard, VIVA, 🌏 Worldwide, https://remoteok.com/remote-jobs/remote-rails-frontend-backend-wizard-viva-680612
Senior Front End Angular Developer, Revelator, 🇪🇺 Europe, https://remoteok.com/remote-jobs/remote-senior-front-end-angular-developer-revelator-701355
Senior Mobile & Frontend Developer React & Typescript, Deutsche Streaming Allianz, 🌏 Worldwide, https://remoteok.com/remote-jobs/remote-senior-mobile-frontend-developer-react-typescript-deutsche-streaming-allianz-655406
Developer, VIVA, 🌏 Worldwide, https://remoteok.com/remote-jobs/remote-developer-viva-687315
Software Engineer, Commit, 🇨🇦 Canada, https://remoteok.com/remote-jobs/remote-software-engineer-commit-685480
Senior Front End Engineer, Bonfire, 🇪🇺 Europe, https://remoteok.com/remote-jobs/remote-senior-front-end-engineer-bonfire-621749
Senior Frontend Developer, Center, 🌏 Worldwide, https://remoteok.com/remote-jobs/remote-senior-frontend-developer-center-647900
UX Engineer, Spectora, 🇺🇸 United States, https://remoteok.com/remote-jobs/remote-ux-engineer-spectora-656399
Junior FE w Vue.js, CSGOEmpire, 🌏 Worldwide, https://remoteok.com/remote-jobs/remote-junior-fe-w-vue-js-csgoempire-560988
Senior Staff Frontend Engineer React, Close, 🇺🇸 United States, https://remoteok.com/remote-jobs/remote-senior-staff-frontend-engineer-react-close-492761
Client Solutions Engineer, YourStake, 🌏 Worldwide, https://remoteok.com/remote-jobs/remote-client-solutions-engineer-yourstake-540318
Lead WordPress Developer for Fast Growing Pet Company, Pangolia, 🌏 Worldwide, https://remoteok.com/remote-jobs/remote-lead-wordpress-developer-for-fast-growing-pet-company-pangolia-514580
Full Stack Developer, INSIDE, 🌏 Worldwide, https://remoteok.com/remote-jobs/remote-full-stack-developer-inside-521184
Freelance frontend browser extension developer, Tablerone, 🌏 Worldwide, https://remoteok.com/remote-jobs/remote-freelance-frontend-browser-extension-developer-tablerone-494229
Senior Frontend Developer, Rebilly, 🇦🇺 Australia, https://remoteok.com/remote-jobs/remote-senior-frontend-developer-rebilly-481970
Typescript React Fullstack Developer Senior, CloudDevs, 💃 Latin America, https://remoteok.com/remote-jobs/remote-typescript-react-fullstack-developer-senior-clouddevs-340913
Full stack React Developer, Lemon.io, 🇪🇺 Europe, https://remoteok.com/remote-jobs/remote-full-stack-react-developer-lemon-io-459455
Senior Fullstack Developer, Internet Game, 🌏 Worldwide, https://remoteok.com/remote-jobs/remote-senior-fullstack-developer-internet-game-451144
